Id,Name,Description,StateId,CreatedDate,UpdatedDate
1,Bende,,1,4/20/2024,4/20/2024
2,Ikwuano,,1,4/20/2024,4/20/2024
3,Aba North,,1,4/20/2024,4/20/2024
4,Aba South,,1,4/20/2024,4/20/2024
5,Arochukwu,,1,4/20/2024,4/20/2024
6,Isiala Ngwa North,,1,4/20/2024,4/20/2024
7,Isiala Ngwa South,,1,4/20/2024,4/20/2024
8,Isuikwuato,,1,4/20/2024,4/20/2024
9,Obi Ngwa,,1,4/20/2024,4/20/2024
10,Ohafia,,1,4/20/2024,4/20/2024
11,Osisioma Ngwa,,1,4/20/2024,4/20/2024
12,Ugwunagbo,,1,4/20/2024,4/20/2024
13,Ukwa East,,1,4/20/2024,4/20/2024
14,Ukwa West,,1,4/20/2024,4/20/2024
15,Umuahia North,,1,4/20/2024,4/20/2024
16,Umuahia South,,1,4/20/2024,4/20/2024
17,Umu Nneochi,,1,4/20/2024,4/20/2024
18,Girei,,2,4/20/2024,4/20/2024
19,Gombi,,2,4/20/2024,4/20/2024
20,Jada,,2,4/20/2024,4/20/2024
21,Demsa,,2,4/20/2024,4/20/2024
22,Fufore,,2,4/20/2024,4/20/2024
23,Ganye,,2,4/20/2024,4/20/2024
24,Lamurde,,2,4/20/2024,4/20/2024
25,Madagali,,2,4/20/2024,4/20/2024
26,Maiha,,2,4/20/2024,4/20/2024
27,Mayo-Belwa,,2,4/20/2024,4/20/2024
28,Guyuk,,2,4/20/2024,4/20/2024
29,Hong,,2,4/20/2024,4/20/2024
30,Michika,,2,4/20/2024,4/20/2024
31,Numan,,2,4/20/2024,4/20/2024
32,Shelleng,,2,4/20/2024,4/20/2024
33,Song,,2,4/20/2024,4/20/2024
34,Mubi North,,2,4/20/2024,4/20/2024
35,Mubi South,,2,4/20/2024,4/20/2024
36,Toungo,,2,4/20/2024,4/20/2024
37,Yola North,,2,4/20/2024,4/20/2024
38,Yola South,,2,4/20/2024,4/20/2024
39,Ikono,,3,4/20/2024,4/20/2024
40,Eket,,3,4/20/2024,4/20/2024
41,Esit-Eket,,3,4/20/2024,4/20/2024
42,Abak,,3,4/20/2024,4/20/2024
43,Eastern Obolo,,3,4/20/2024,4/20/2024
44,Ibesikpo-Asutan,,3,4/20/2024,4/20/2024
45,Ibeno,,3,4/20/2024,4/20/2024
46,Ibiono-Ibom,,3,4/20/2024,4/20/2024
47,Ika,,3,4/20/2024,4/20/2024
48,Essien Udim,,3,4/20/2024,4/20/2024
49,Etim-Ekpo,,3,4/20/2024,4/20/2024
50,Etinan,,3,4/20/2024,4/20/2024
51,Nsit-Atai,,3,4/20/2024,4/20/2024
52,Nsit-Ibom,,3,4/20/2024,4/20/2024
53,Nsit-Ubium,,3,4/20/2024,4/20/2024
54,Obot-Akara,,3,4/20/2024,4/20/2024
55,Ini,,3,4/20/2024,4/20/2024
56,Itu,,3,4/20/2024,4/20/2024
57,Mbo,,3,4/20/2024,4/20/2024
58,Mkpat-Enin,,3,4/20/2024,4/20/2024
59,Ikot Abasi,,3,4/20/2024,4/20/2024
60,Ikot Ekpene,,3,4/20/2024,4/20/2024
61,Okobo,,3,4/20/2024,4/20/2024
62,"Onna, Oron",,3,4/20/2024,4/20/2024
63,Oruk Anam,,3,4/20/2024,4/20/2024
64,Urue-Offong/Oruko,,3,4/20/2024,4/20/2024
65,Uyo,,3,4/20/2024,4/20/2024
66,Ukanafun,,3,4/20/2024,4/20/2024
67,Udung-Uko,,3,4/20/2024,4/20/2024
68,Uruan,,3,4/20/2024,4/20/2024
69,Aguata,,4,4/20/2024,4/20/2024
70,Anambra East,,4,4/20/2024,4/20/2024
71,Anambra West,,4,4/20/2024,4/20/2024
72,Anaocha,,4,4/20/2024,4/20/2024
73,Ayamelum,,4,4/20/2024,4/20/2024
74,Awka North,,4,4/20/2024,4/20/2024
75,Awka South,,4,4/20/2024,4/20/2024
76,Ihiala,,4,4/20/2024,4/20/2024
77,Njikoka,,4,4/20/2024,4/20/2024
78,Nnewi North,,4,4/20/2024,4/20/2024
79,Nnewi South,,4,4/20/2024,4/20/2024
80,Dunukofia,,4,4/20/2024,4/20/2024
81,Ekwusigo,,4,4/20/2024,4/20/2024
82,Idemili North,,4,4/20/2024,4/20/2024
83,Idemili South,,4,4/20/2024,4/20/2024
84,Ogbaru,,4,4/20/2024,4/20/2024
85,Onitsha North,,4,4/20/2024,4/20/2024
86,Onitsha South,,4,4/20/2024,4/20/2024
87,Orumba North,,4,4/20/2024,4/20/2024
88,Orumba South,,4,4/20/2024,4/20/2024
89,Oyi,,4,4/20/2024,4/20/2024
90,Bogoro,,5,4/20/2024,4/20/2024
91,Ningi,,5,4/20/2024,4/20/2024
92,Warji,,5,4/20/2024,4/20/2024
93,Dass,,5,4/20/2024,4/20/2024
94,Toro,,5,4/20/2024,4/20/2024
95,Ganjuwa,,5,4/20/2024,4/20/2024
96,"Kirfi, and",,5,4/20/2024,4/20/2024
97,Alkaleri,,5,4/20/2024,4/20/2024
98,Bauchi,,5,4/20/2024,4/20/2024
99,Tafawa Balewa,,5,4/20/2024,4/20/2024
100,Darazo,,5,4/20/2024,4/20/2024
101,Misau,,5,4/20/2024,4/20/2024
102,Katagum,,5,4/20/2024,4/20/2024
103,Itas/Gadau,,5,4/20/2024,4/20/2024
104,Giade,,5,4/20/2024,4/20/2024
105,Shira,,5,4/20/2024,4/20/2024
106,Jama’are,,5,4/20/2024,4/20/2024
107,Zaki,,5,4/20/2024,4/20/2024
108,Gamawa,,5,4/20/2024,4/20/2024
109,Dambam,,5,4/20/2024,4/20/2024
110,Kolokuma/Opokuma,,6,4/20/2024,4/20/2024
111,Nembe,,6,4/20/2024,4/20/2024
112,Ogbia,,6,4/20/2024,4/20/2024
113,Sagbama,,6,4/20/2024,4/20/2024
114,Brass,,6,4/20/2024,4/20/2024
115,Ekeremor,,6,4/20/2024,4/20/2024
116,Southern Ijaw,,6,4/20/2024,4/20/2024
117,Yenagoa,,6,4/20/2024,4/20/2024
118,Guma,,7,4/20/2024,4/20/2024
119,Gwer East,,7,4/20/2024,4/20/2024
120,Gwer West,,7,4/20/2024,4/20/2024
121,Katsina-Ala,,7,4/20/2024,4/20/2024
122,Konshisha,,7,4/20/2024,4/20/2024
123,Ado,,7,4/20/2024,4/20/2024
124,Buruku,,7,4/20/2024,4/20/2024
125,Gboko,,7,4/20/2024,4/20/2024
126,Kwande,,7,4/20/2024,4/20/2024
127,Logo,,7,4/20/2024,4/20/2024
128,Makurdi,,7,4/20/2024,4/20/2024
129,Obi,,7,4/20/2024,4/20/2024
130,Ogbadibo,,7,4/20/2024,4/20/2024
131,"Ohimini, Oju",,7,4/20/2024,4/20/2024
132,Agatu,,7,4/20/2024,4/20/2024
133,Apa,,7,4/20/2024,4/20/2024
134,Okpokwu,,7,4/20/2024,4/20/2024
135,Otukpo,,7,4/20/2024,4/20/2024
136,Tarka,,7,4/20/2024,4/20/2024
137,Bayo,,8,4/20/2024,4/20/2024
138,Biu,,8,4/20/2024,4/20/2024
139,Chibok,,8,4/20/2024,4/20/2024
140,Damboa,,8,4/20/2024,4/20/2024
141,Dikwagubio,,8,4/20/2024,4/20/2024
142,Guzamala,,8,4/20/2024,4/20/2024
143,Abadan,,8,4/20/2024,4/20/2024
144,Askira/Uba,,8,4/20/2024,4/20/2024
145,Bama,,8,4/20/2024,4/20/2024
146,Gwoza,,8,4/20/2024,4/20/2024
147,Ukum,,8,4/20/2024,4/20/2024
148,Ushongo,,8,4/20/2024,4/20/2024
149,Vandeikya,,8,4/20/2024,4/20/2024
150,Kalka/Balge,,8,4/20/2024,4/20/2024
151,Maiduguri,,8,4/20/2024,4/20/2024
152,Marte,,8,4/20/2024,4/20/2024
153,Mobbar,,8,4/20/2024,4/20/2024
154,Monguno,,8,4/20/2024,4/20/2024
155,Konduga,,8,4/20/2024,4/20/2024
156,Kukawa,,8,4/20/2024,4/20/2024
157,Borno State,,8,4/20/2024,4/20/2024
158,Hawul,,8,4/20/2024,4/20/2024
159,Jere,,8,4/20/2024,4/20/2024
160,Kaga,,8,4/20/2024,4/20/2024
161,Kwaya-ku,,8,4/20/2024,4/20/2024
162,Mafa,,8,4/20/2024,4/20/2024
163,Magumeri,,8,4/20/2024,4/20/2024
164,Ngala,,8,4/20/2024,4/20/2024
165,Nganzai,,8,4/20/2024,4/20/2024
166,Shani,,8,4/20/2024,4/20/2024
167,Calabar Municipal,,9,4/20/2024,4/20/2024
168,Calabar South,,9,4/20/2024,4/20/2024
169,Etung,,9,4/20/2024,4/20/2024
170,Ikom,,9,4/20/2024,4/20/2024
171,Obanliku,,9,4/20/2024,4/20/2024
172,Abi,,9,4/20/2024,4/20/2024
173,Akamkpa,,9,4/20/2024,4/20/2024
174,Biase,,9,4/20/2024,4/20/2024
175,Boki,,9,4/20/2024,4/20/2024
176,Obubra,,9,4/20/2024,4/20/2024
177,Obudu,,9,4/20/2024,4/20/2024
178,Odukpani,,9,4/20/2024,4/20/2024
179,Akpabuyo,,9,4/20/2024,4/20/2024
180,Bakassi,,9,4/20/2024,4/20/2024
181,Bekwarra,,9,4/20/2024,4/20/2024
182,Ogoja,,9,4/20/2024,4/20/2024
183,Yakuur,,9,4/20/2024,4/20/2024
184,Yala,,9,4/20/2024,4/20/2024
185,Ethiope west,,10,4/20/2024,4/20/2024
186,Ethiope east,,10,4/20/2024,4/20/2024
187,Ika south,,10,4/20/2024,4/20/2024
188,Ika north east,,10,4/20/2024,4/20/2024
189,Isoko south,,10,4/20/2024,4/20/2024
190,Isoko north,,10,4/20/2024,4/20/2024
191,Aniocha south,,10,4/20/2024,4/20/2024
192,Anioha,,10,4/20/2024,4/20/2024
193,Bomadi,,10,4/20/2024,4/20/2024
194,Burutu,,10,4/20/2024,4/20/2024
195,Ukwuani,,10,4/20/2024,4/20/2024
196,Uviwie,,10,4/20/2024,4/20/2024
197,Warri central,,10,4/20/2024,4/20/2024
198,Warri north,,10,4/20/2024,4/20/2024
199,Warri south,,10,4/20/2024,4/20/2024
200,Okpe,,10,4/20/2024,4/20/2024
201,Oshimili north,,10,4/20/2024,4/20/2024
202,Oshimili south,,10,4/20/2024,4/20/2024
203,Patani,,10,4/20/2024,4/20/2024
204,Sapele,,10,4/20/2024,4/20/2024
205,Ndokwa east,,10,4/20/2024,4/20/2024
206,Ndokwa west,,10,4/20/2024,4/20/2024
207,Udu,,10,4/20/2024,4/20/2024
208,Ughelli south,,10,4/20/2024,4/20/2024
209,Ughelli north,,10,4/20/2024,4/20/2024
210,Izzi,,11,4/20/2024,4/20/2024
211,Abakaliki,,11,4/20/2024,4/20/2024
212,Ezza North,,11,4/20/2024,4/20/2024
213,Ivo,,11,4/20/2024,4/20/2024
214,Afikpo South (Edda),,11,4/20/2024,4/20/2024
215,Ohaozara,,11,4/20/2024,4/20/2024
216,Afikpo North,,11,4/20/2024,4/20/2024
217,Ebonyi,,11,4/20/2024,4/20/2024
218,Ohaukwu,,11,4/20/2024,4/20/2024
219,Onicha,,11,4/20/2024,4/20/2024
220,Ezza South,,12,4/20/2024,4/20/2024
221,Ikwo,,12,4/20/2024,4/20/2024
222,Igbo Eze South,,12,4/20/2024,4/20/2024
223,Aninri,,12,4/20/2024,4/20/2024
224,Awgu,,12,4/20/2024,4/20/2024
225,Isi Uzo,,12,4/20/2024,4/20/2024
226,Nkanu East,,12,4/20/2024,4/20/2024
227,Nkanu West,,12,4/20/2024,4/20/2024
228,Nsukka,,12,4/20/2024,4/20/2024
229,Ishielu,,12,4/20/2024,4/20/2024
230,Enugu East,,12,4/20/2024,4/20/2024
231,Enugu North,,12,4/20/2024,4/20/2024
232,Enugu South,,12,4/20/2024,4/20/2024
233,Oji River,,12,4/20/2024,4/20/2024
234,Udenu,,12,4/20/2024,4/20/2024
235,Udi,,12,4/20/2024,4/20/2024
236,Ezeagu,,12,4/20/2024,4/20/2024
237,Igbo Etiti,,12,4/20/2024,4/20/2024
238,Igbo Eze North,,12,4/20/2024,4/20/2024
239,Uzo-Uwani,,12,4/20/2024,4/20/2024
240,Igueben,,13,4/20/2024,4/20/2024
241,Ikpoba-Okha,,13,4/20/2024,4/20/2024
242,Oredo,,13,4/20/2024,4/20/2024
243,Akoko-Edo,,13,4/20/2024,4/20/2024
244,Egor,,13,4/20/2024,4/20/2024
245,Esan Central,,13,4/20/2024,4/20/2024
246,Esan North-East,,13,4/20/2024,4/20/2024
247,Esan South-East,,13,4/20/2024,4/20/2024
248,Esan West,,13,4/20/2024,4/20/2024
249,Orhionmwon,,13,4/20/2024,4/20/2024
250,Ovia North-East,,13,4/20/2024,4/20/2024
251,Ovia South-West,,13,4/20/2024,4/20/2024
252,Etsako Central,,13,4/20/2024,4/20/2024
253,Etsako East,,13,4/20/2024,4/20/2024
254,Etsako West,,13,4/20/2024,4/20/2024
255,Owan East,,13,4/20/2024,4/20/2024
256,Owan West,,13,4/20/2024,4/20/2024
257,Uhunmwonde,,13,4/20/2024,4/20/2024
258,Efon,,14,4/20/2024,4/20/2024
259,Emure,,14,4/20/2024,4/20/2024
260,Ido-Osi,,14,4/20/2024,4/20/2024
261,Ijero,,14,4/20/2024,4/20/2024
262,Ado-Ekiti,,14,4/20/2024,4/20/2024
263,Ikere,,14,4/20/2024,4/20/2024
264,Oye,,14,4/20/2024,4/20/2024
265,Aiyekire (Gbonyin),,14,4/20/2024,4/20/2024
266,Ikole,,14,4/20/2024,4/20/2024
267,Ilejemeje,,14,4/20/2024,4/20/2024
268,Irepodun/Ifelodun,,14,4/20/2024,4/20/2024
269,Ekiti East,,14,4/20/2024,4/20/2024
270,Ekiti South-West,,14,4/20/2024,4/20/2024
271,Ekiti West,,14,4/20/2024,4/20/2024
272,"Ise/Orun, Moba",,14,4/20/2024,4/20/2024
273,Akko,,15,4/20/2024,4/20/2024
274,Balanga,,15,4/20/2024,4/20/2024
275,Billiri,,15,4/20/2024,4/20/2024
276,Dukku,,15,4/20/2024,4/20/2024
277,Dunakaye,,15,4/20/2024,4/20/2024
278,Gombe,,15,4/20/2024,4/20/2024
279,Kaltungo,,15,4/20/2024,4/20/2024
280,Kwami,,15,4/20/2024,4/20/2024
281,Nafada/Bajoga,,15,4/20/2024,4/20/2024
282,Shomgom,,15,4/20/2024,4/20/2024
283,Yamaltu/Deba,,15,4/20/2024,4/20/2024
284,Ezinihitte Mbaise,,16,4/20/2024,4/20/2024
285,Ideato North,,16,4/20/2024,4/20/2024
286,Ideato South,,16,4/20/2024,4/20/2024
287,Ihitte/Uboma,,16,4/20/2024,4/20/2024
288,Aboh Mbaise,,16,4/20/2024,4/20/2024
289,Ahiazu Mbaise,,16,4/20/2024,4/20/2024
290,Ehime Mbano,,16,4/20/2024,4/20/2024
291,Njaba,,16,4/20/2024,4/20/2024
292,Nkwerre,,16,4/20/2024,4/20/2024
293,Nwangele,,16,4/20/2024,4/20/2024
294,Obowo,,16,4/20/2024,4/20/2024
295,Oguta,,16,4/20/2024,4/20/2024
296,Ikeduru,,16,4/20/2024,4/20/2024
297,Isiala Mbano,,16,4/20/2024,4/20/2024
298,Isu,,16,4/20/2024,4/20/2024
299,Mbaitoli,,16,4/20/2024,4/20/2024
300,Ngor Okpala,,16,4/20/2024,4/20/2024
301,Ohaji/Egbema,,16,4/20/2024,4/20/2024
302,Oru East,,16,4/20/2024,4/20/2024
303,Oru West,,16,4/20/2024,4/20/2024
304,Owerri Municipal,,16,4/20/2024,4/20/2024
305,Okigwe,,16,4/20/2024,4/20/2024
306,Onuimo,,16,4/20/2024,4/20/2024
307,Orlu,,16,4/20/2024,4/20/2024
308,Orsu,,16,4/20/2024,4/20/2024
309,Owerri North,,16,4/20/2024,4/20/2024
310,Owerri West,,16,4/20/2024,4/20/2024
311,Nwangele,,16,4/20/2024,4/20/2024
312,Buji,,17,4/20/2024,4/20/2024
313,Dutse,,17,4/20/2024,4/20/2024
314,Gagarawa,,17,4/20/2024,4/20/2024
315,Garki,,17,4/20/2024,4/20/2024
316,Gumel,,17,4/20/2024,4/20/2024
317,Guri,,17,4/20/2024,4/20/2024
318,Gwaram,,17,4/20/2024,4/20/2024
319,Gwiwa,,17,4/20/2024,4/20/2024
320,Auyo,,17,4/20/2024,4/20/2024
321,Babura,,17,4/20/2024,4/20/2024
322,Biriniwa,,17,4/20/2024,4/20/2024
323,Birnin Kudu,,17,4/20/2024,4/20/2024
324,Hadejia,,17,4/20/2024,4/20/2024
325,Jahun,,17,4/20/2024,4/20/2024
326,Kafin Hausa,,17,4/20/2024,4/20/2024
327,Kaugama,,17,4/20/2024,4/20/2024
328,Kazaure,,17,4/20/2024,4/20/2024
329,Kiri Kasama,,17,4/20/2024,4/20/2024
330,Kiyawa,,17,4/20/2024,4/20/2024
331,Maigatari,,17,4/20/2024,4/20/2024
332,Malam Madori,,17,4/20/2024,4/20/2024
333,Miga,,17,4/20/2024,4/20/2024
334,Ringim,,17,4/20/2024,4/20/2024
335,Roni,,17,4/20/2024,4/20/2024
336,Sule Tankarkar,,17,4/20/2024,4/20/2024
337,Taura,,17,4/20/2024,4/20/2024
338,Yankwashi,,17,4/20/2024,4/20/2024
339,Kaduna North,,18,4/20/2024,4/20/2024
340,Kaduna South,,18,4/20/2024,4/20/2024
341,Birnin Gwari,,18,4/20/2024,4/20/2024
342,Chikun,,18,4/20/2024,4/20/2024
343,Giwa,,18,4/20/2024,4/20/2024
344,Igabi,,18,4/20/2024,4/20/2024
345,Kagarko,,18,4/20/2024,4/20/2024
346,Kajuru,,18,4/20/2024,4/20/2024
347,Kaura,,18,4/20/2024,4/20/2024
348,Kauru,,18,4/20/2024,4/20/2024
349,Kubau,,18,4/20/2024,4/20/2024
350,Kudan,,18,4/20/2024,4/20/2024
351,Ikara,,18,4/20/2024,4/20/2024
352,Jaba,,18,4/20/2024,4/20/2024
353,Jema’a,,18,4/20/2024,4/20/2024
354,Kachia,,18,4/20/2024,4/20/2024
355,Lere,,18,4/20/2024,4/20/2024
356,Makarfi,,18,4/20/2024,4/20/2024
357,Soba,,18,4/20/2024,4/20/2024
358,Zangon Kataf,,18,4/20/2024,4/20/2024
359,Sabon Gari,,18,4/20/2024,4/20/2024
360,Sanga,,18,4/20/2024,4/20/2024
361,Zaria,,18,4/20/2024,4/20/2024
362,Ajingi,,19,4/20/2024,4/20/2024
363,Albasu,,19,4/20/2024,4/20/2024
364,Minjibir,,19,4/20/2024,4/20/2024
365,Nassarawa,,19,4/20/2024,4/20/2024
366,Rano,,19,4/20/2024,4/20/2024
367,Bagwai,,19,4/20/2024,4/20/2024
368,Bebeji,,19,4/20/2024,4/20/2024
369,Bichi,,19,4/20/2024,4/20/2024
370,Dawakin Tofa,,19,4/20/2024,4/20/2024
371,Doguwa,,19,4/20/2024,4/20/2024
372,Fagge,,19,4/20/2024,4/20/2024
373,Gabasawa,,19,4/20/2024,4/20/2024
374,Garko,,19,4/20/2024,4/20/2024
375,Garun Mallam,,19,4/20/2024,4/20/2024
376,Gaya,,19,4/20/2024,4/20/2024
377,Gezawa,,19,4/20/2024,4/20/2024
378,Gwale,,19,4/20/2024,4/20/2024
379,Gwarzo,,19,4/20/2024,4/20/2024
380,Bunkure,,19,4/20/2024,4/20/2024
381,Dala,,19,4/20/2024,4/20/2024
382,Dambatta,,19,4/20/2024,4/20/2024
383,Dawakin kudu,,19,4/20/2024,4/20/2024
384,Kabo,,19,4/20/2024,4/20/2024
385,Kano Municipal,,19,4/20/2024,4/20/2024
386,Karaye,,19,4/20/2024,4/20/2024
387,Kibiya,,19,4/20/2024,4/20/2024
388,Kiru,,19,4/20/2024,4/20/2024
389,Kumbtso,,19,4/20/2024,4/20/2024
390,Kunchi,,19,4/20/2024,4/20/2024
391,Kura,,19,4/20/2024,4/20/2024
392,Madobi,,19,4/20/2024,4/20/2024
393,Makoda,,19,4/20/2024,4/20/2024
394,Rimin Gado,,19,4/20/2024,4/20/2024
395,Rogo,,19,4/20/2024,4/20/2024
396,Shanono,,19,4/20/2024,4/20/2024
397,Sumaila,,19,4/20/2024,4/20/2024
398,Takai,,19,4/20/2024,4/20/2024
399,Tarauni,,19,4/20/2024,4/20/2024
400,Tofa,,19,4/20/2024,4/20/2024
401,Tsanyawa,,19,4/20/2024,4/20/2024
402,Tudun Wada,,19,4/20/2024,4/20/2024
403,Ungogo,,19,4/20/2024,4/20/2024
404,Warawa,,19,4/20/2024,4/20/2024
405,Wudil,,19,4/20/2024,4/20/2024
406,Bindawa,,20,4/20/2024,4/20/2024
407,Charanchi,,20,4/20/2024,4/20/2024
408,Dan Musa,,20,4/20/2024,4/20/2024
409,Dandume,,20,4/20/2024,4/20/2024
410,Danja,,20,4/20/2024,4/20/2024
411,Bakori,,20,4/20/2024,4/20/2024
412,Batagarawa,,20,4/20/2024,4/20/2024
413,Batsari,,20,4/20/2024,4/20/2024
414,Baure,,20,4/20/2024,4/20/2024
415,Daura,,20,4/20/2024,4/20/2024
416,Dutsi,,20,4/20/2024,4/20/2024
417,Jibia,,20,4/20/2024,4/20/2024
418,Kafur,,20,4/20/2024,4/20/2024
419,Kaita,,20,4/20/2024,4/20/2024
420,Kankara,,20,4/20/2024,4/20/2024
421,Dutsin-Ma,,20,4/20/2024,4/20/2024
422,Faskari,,20,4/20/2024,4/20/2024
423,Funtua,,20,4/20/2024,4/20/2024
424,Ingawa,,20,4/20/2024,4/20/2024
425,Kankia,,20,4/20/2024,4/20/2024
426,Katsina,,20,4/20/2024,4/20/2024
427,Kurfi,,20,4/20/2024,4/20/2024
428,Kusada,,20,4/20/2024,4/20/2024
429,Mai’Adua,,20,4/20/2024,4/20/2024
430,Malumfashi,,20,4/20/2024,4/20/2024
431,Mani,,20,4/20/2024,4/20/2024
432,Mashi,,20,4/20/2024,4/20/2024
433,Matazu,,20,4/20/2024,4/20/2024
434,Musawa,,20,4/20/2024,4/20/2024
435,Rimi,,20,4/20/2024,4/20/2024
436,Sabuwa,,20,4/20/2024,4/20/2024
437,Safana,,20,4/20/2024,4/20/2024
438,Sandamu,,20,4/20/2024,4/20/2024
439,Zango,,20,4/20/2024,4/20/2024
440,Dandi,,21,4/20/2024,4/20/2024
441,Fakai,,21,4/20/2024,4/20/2024
442,Gwandu,,21,4/20/2024,4/20/2024
443,Jega,,21,4/20/2024,4/20/2024
444,Arewa Dandi,,21,4/20/2024,4/20/2024
445,Argungu,,21,4/20/2024,4/20/2024
446,Augie,,21,4/20/2024,4/20/2024
447,Kalgo,,21,4/20/2024,4/20/2024
448,Sakaba,,21,4/20/2024,4/20/2024
449,Shanga,,21,4/20/2024,4/20/2024
450,Suru,,21,4/20/2024,4/20/2024
451,Koko/Besse,,21,4/20/2024,4/20/2024
452,Maiyama,,21,4/20/2024,4/20/2024
453,Ngaski,,21,4/20/2024,4/20/2024
454,Danko/Wasagu,,21,4/20/2024,4/20/2024
455,Yauri,,21,4/20/2024,4/20/2024
456,Zuru,,21,4/20/2024,4/20/2024
457,Aleiro,,21,4/20/2024,4/20/2024
458,Bagudo,,21,4/20/2024,4/20/2024
459,Birnin Kebbi,,21,4/20/2024,4/20/2024
460,Bunza,,21,4/20/2024,4/20/2024
461,Dekina,,22,4/20/2024,4/20/2024
462,Ibaji,,22,4/20/2024,4/20/2024
463,Idah,,22,4/20/2024,4/20/2024
464,Igalamela-Odolu,,22,4/20/2024,4/20/2024
465,Adavi,,22,4/20/2024,4/20/2024
466,Ajaokuta,,22,4/20/2024,4/20/2024
467,Ankpa,,22,4/20/2024,4/20/2024
468,Bassa,,22,4/20/2024,4/20/2024
469,Ijumu,,22,4/20/2024,4/20/2024
470,Ofu,,22,4/20/2024,4/20/2024
471,Ogori/Magongo,,22,4/20/2024,4/20/2024
472,Okehi,,22,4/20/2024,4/20/2024
473,Okene,,22,4/20/2024,4/20/2024
474,Olamaboro,,22,4/20/2024,4/20/2024
475,Kabba/Bunu,,22,4/20/2024,4/20/2024
476,Koton Karfe,,22,4/20/2024,4/20/2024
477,Lokoja,,22,4/20/2024,4/20/2024
478,Mopa-Muro,,22,4/20/2024,4/20/2024
479,Omala,,22,4/20/2024,4/20/2024
480,Yagba East,,22,4/20/2024,4/20/2024
481,Yagba West,,22,4/20/2024,4/20/2024
482,Ilorin East,,23,4/20/2024,4/20/2024
483,Ilorin South,,23,4/20/2024,4/20/2024
484,Ilorin West,,23,4/20/2024,4/20/2024
485,Ifelodun,,23,4/20/2024,4/20/2024
486,Irepodun,,23,4/20/2024,4/20/2024
487,Isin,,23,4/20/2024,4/20/2024
488,Kaiama,,23,4/20/2024,4/20/2024
489,Moro,,23,4/20/2024,4/20/2024
490,Asa,,23,4/20/2024,4/20/2024
491,Baruten,,23,4/20/2024,4/20/2024
492,Edu,,23,4/20/2024,4/20/2024
493,Ekiti,,23,4/20/2024,4/20/2024
494,Offa,,23,4/20/2024,4/20/2024
495,Oke Ero,,23,4/20/2024,4/20/2024
496,Oyun,,23,4/20/2024,4/20/2024
497,Pategi,,23,4/20/2024,4/20/2024
498,Apapa,,24,4/20/2024,4/20/2024
499,Mushin,,24,4/20/2024,4/20/2024
500,Ojo,,24,4/20/2024,4/20/2024
501,Oshodi –Isolo,,24,4/20/2024,4/20/2024
502,Shomolu,,24,4/20/2024,4/20/2024
503,Surulere,,24,4/20/2024,4/20/2024
504,Badagry,,24,4/20/2024,4/20/2024
505,Epe,,24,4/20/2024,4/20/2024
506,Eti-Osa,,24,4/20/2024,4/20/2024
507,Ibeju-Lekki,,24,4/20/2024,4/20/2024
508,Ifako/Ijaye,,24,4/20/2024,4/20/2024
509,Ikeja,,24,4/20/2024,4/20/2024
510,Agege,,24,4/20/2024,4/20/2024
511,Alimosho Ifelodun,,24,4/20/2024,4/20/2024
512,Alimosho,,24,4/20/2024,4/20/2024
513,Amuwo-Odofin,,24,4/20/2024,4/20/2024
514,Ikorodu,,24,4/20/2024,4/20/2024
515,Kosofe,,24,4/20/2024,4/20/2024
516,Lagos Island,,24,4/20/2024,4/20/2024
517,Lagos Mainland,,24,4/20/2024,4/20/2024
518,Karu,,25,4/20/2024,4/20/2024
519,Nassarawa,,25,4/20/2024,4/20/2024
520,Nassarawa/Eggon,,25,4/20/2024,4/20/2024
521,Obi,,25,4/20/2024,4/20/2024
522,Toto,,25,4/20/2024,4/20/2024
523,Wamba,,25,4/20/2024,4/20/2024
524,Keana,,25,4/20/2024,4/20/2024
525,Keffi,,25,4/20/2024,4/20/2024
526,Kokona,,25,4/20/2024,4/20/2024
527,Akwanga,,25,4/20/2024,4/20/2024
528,Awe,,25,4/20/2024,4/20/2024
529,Doma,,25,4/20/2024,4/20/2024
530,Lafia,,25,4/20/2024,4/20/2024
531,Gurara,,26,4/20/2024,4/20/2024
532,Katcha,,26,4/20/2024,4/20/2024
533,Bosso,,26,4/20/2024,4/20/2024
534,Chanchaga,,26,4/20/2024,4/20/2024
535,Edati,,26,4/20/2024,4/20/2024
536,Gbako,,26,4/20/2024,4/20/2024
537,Bida,,26,4/20/2024,4/20/2024
538,Borgu,,26,4/20/2024,4/20/2024
539,Lapai,,26,4/20/2024,4/20/2024
540,Lavun,,26,4/20/2024,4/20/2024
541,Kontagora,,26,4/20/2024,4/20/2024
542,Agaie,,26,4/20/2024,4/20/2024
543,Agwara,,26,4/20/2024,4/20/2024
544,Rafi,,26,4/20/2024,4/20/2024
545,Magama,,26,4/20/2024,4/20/2024
546,Mariga,,26,4/20/2024,4/20/2024
547,Mashegu,,26,4/20/2024,4/20/2024
548,Mokwa,,26,4/20/2024,4/20/2024
549,Rijau,,26,4/20/2024,4/20/2024
550,Shiroro,,26,4/20/2024,4/20/2024
551,Suleja,,26,4/20/2024,4/20/2024
552,Munya,,26,4/20/2024,4/20/2024
553,Paikoro,,26,4/20/2024,4/20/2024
554,Tafa,,26,4/20/2024,4/20/2024
555,Wushishi,,26,4/20/2024,4/20/2024
556,Ifo,,27,4/20/2024,4/20/2024
557,Ijebu East,,27,4/20/2024,4/20/2024
558,Ijebu North,,27,4/20/2024,4/20/2024
559,Ijebu North East,,27,4/20/2024,4/20/2024
560,Abeokuta North,,27,4/20/2024,4/20/2024
561,Abeokuta South,,27,4/20/2024,4/20/2024
562,Ado-Odo/Ota,,27,4/20/2024,4/20/2024
563,Imeko Afon,,27,4/20/2024,4/20/2024
564,Ipokia,,27,4/20/2024,4/20/2024
565,Obafemi Owode,,27,4/20/2024,4/20/2024
566,Odogbolu,,27,4/20/2024,4/20/2024
567,Sagamu,,27,4/20/2024,4/20/2024
568,Yewa North,,27,4/20/2024,4/20/2024
569,Yewa South,,27,4/20/2024,4/20/2024
570,Ewekoro,,27,4/20/2024,4/20/2024
571,Ijebu Ode,,27,4/20/2024,4/20/2024
572,Ikenne,,27,4/20/2024,4/20/2024
573,Odeda,,27,4/20/2024,4/20/2024
574,Ogun Waterside,,27,4/20/2024,4/20/2024
575,Remo North,,27,4/20/2024,4/20/2024
576,Akoko north,,28,4/20/2024,4/20/2024
577,Akoko north east,,28,4/20/2024,4/20/2024
578,Akoko south east,,28,4/20/2024,4/20/2024
579,Ondo,,28,4/20/2024,4/20/2024
580,Ondo east,,28,4/20/2024,4/20/2024
581,Ose,,28,4/20/2024,4/20/2024
582,Owo,,28,4/20/2024,4/20/2024
583,Akoko south,,28,4/20/2024,4/20/2024
584,Akure north,,28,4/20/2024,4/20/2024
585,Akure,,28,4/20/2024,4/20/2024
586,Idanre,,28,4/20/2024,4/20/2024
587,Irele,,28,4/20/2024,4/20/2024
588,Odigbo,,28,4/20/2024,4/20/2024
589,Okitipupa,,28,4/20/2024,4/20/2024
590,Ifedore,,28,4/20/2024,4/20/2024
591,Ese Odo,,28,4/20/2024,4/20/2024
592,Ilaje,,28,4/20/2024,4/20/2024
593,Ile Oluji/Okeigbo,,28,4/20/2024,4/20/2024
594,Bolawaduro ,,29,4/20/2024,4/20/2024
595,Boripe,,29,4/20/2024,4/20/2024
596,Ede ,,29,4/20/2024,4/20/2024
597,Ede north ,,29,4/20/2024,4/20/2024
598,Atakumosa west ,,29,4/20/2024,4/20/2024
599,Atakumosa east ,,29,4/20/2024,4/20/2024
600,Ayedaade ,,29,4/20/2024,4/20/2024
601,Ayedire ,,29,4/20/2024,4/20/2024
602,Ife south ,,29,4/20/2024,4/20/2024
603,Ife east ,,29,4/20/2024,4/20/2024
604,"Ifedayo, Ifelodun",,29,4/20/2024,4/20/2024
605,Ilesha west ,,29,4/20/2024,4/20/2024
606,Egbedore ,,29,4/20/2024,4/20/2024
607,Ejigbo ,,29,4/20/2024,4/20/2024
608,Ife north ,,29,4/20/2024,4/20/2024
609,Ife central ,,29,4/20/2024,4/20/2024
610,Ila- orangun ,,29,4/20/2024,4/20/2024
611,Ilesah east ,,29,4/20/2024,4/20/2024
612,Irepodun ,,29,4/20/2024,4/20/2024
613,ola oluwa ,,29,4/20/2024,4/20/2024
614,olorunda ,,29,4/20/2024,4/20/2024
615,"Oriade, Orolu ",,29,4/20/2024,4/20/2024
616,Osogbo .,,29,4/20/2024,4/20/2024
617,Irewole ,,29,4/20/2024,4/20/2024
618,Isokan ,,29,4/20/2024,4/20/2024
619,Iwo ,,29,4/20/2024,4/20/2024
620,Obokun ,,29,4/20/2024,4/20/2024
621,Odo-otin ,,29,4/20/2024,4/20/2024
622,Akinyele Moniya ,,30,4/20/2024,4/20/2024
623,Afijio Jobele ,,30,4/20/2024,4/20/2024
624,Ido ,,30,4/20/2024,4/20/2024
625,Irepo ,,30,4/20/2024,4/20/2024
626,Iseyin ,,30,4/20/2024,4/20/2024
627,Egbeda Egbeda ,,30,4/20/2024,4/20/2024
628,Ibadan North Agodi Gate ,,30,4/20/2024,4/20/2024
629,Ibadan North-East Iwo Road ,,30,4/20/2024,4/20/2024
630,Ibadan North-West ,,30,4/20/2024,4/20/2024
631,Ibadan South-West Ring Road ,,30,4/20/2024,4/20/2024
632,Ibadan South-East Mapo ,,30,4/20/2024,4/20/2024
633,Ibarapa Central ,,30,4/20/2024,4/20/2024
634,Ibarapa East Eruwa ,,30,4/20/2024,4/20/2024
635,Kajola ,,30,4/20/2024,4/20/2024
636,Lagelu ,,30,4/20/2024,4/20/2024
637,Atisbo Tede ,,30,4/20/2024,4/20/2024
638,Saki West ,,30,4/20/2024,4/20/2024
639,Saki East ,,30,4/20/2024,4/20/2024
640,Ogbomosho North ,,30,4/20/2024,4/20/2024
641,Ogbomosho South ,,30,4/20/2024,4/20/2024
642,Oyo West Ojongbodu ,,30,4/20/2024,4/20/2024
643,Atiba Ofa Meta ,,30,4/20/2024,4/20/2024
644,Itesiwaju Otu ,,30,4/20/2024,4/20/2024
645,Iwajowa ,,30,4/20/2024,4/20/2024
646,Surulere ,,30,4/20/2024,4/20/2024
647,Orelope ,,30,4/20/2024,4/20/2024
648,Ori Ire ,,30,4/20/2024,4/20/2024
649,Ibarapa North ,,30,4/20/2024,4/20/2024
650,Olorunsogo ,,30,4/20/2024,4/20/2024
651,Oluyole ,,30,4/20/2024,4/20/2024
652,Ogo Oluwa ,,30,4/20/2024,4/20/2024
653,Oyo East ,,30,4/20/2024,4/20/2024
654,Ona Ara .,,30,4/20/2024,4/20/2024
655,Bokkos ,,31,4/20/2024,4/20/2024
656,Jos East ,,31,4/20/2024,4/20/2024
657,Kanam ,,31,4/20/2024,4/20/2024
658,Barkin Ladi ,,31,4/20/2024,4/20/2024
659,Bassa ,,31,4/20/2024,4/20/2024
660,Kanke ,,31,4/20/2024,4/20/2024
661,Langtang North ,,31,4/20/2024,4/20/2024
662,Jos North ,,31,4/20/2024,4/20/2024
663,Jos South ,,31,4/20/2024,4/20/2024
664,Langtang South ,,31,4/20/2024,4/20/2024
665,Riyom ,,31,4/20/2024,4/20/2024
666,Shendam ,,31,4/20/2024,4/20/2024
667,Wase .,,31,4/20/2024,4/20/2024
668,Mangu ,,31,4/20/2024,4/20/2024
669,Mikang ,,31,4/20/2024,4/20/2024
670,Pankshin ,,31,4/20/2024,4/20/2024
671,Quaan Pan ,,31,4/20/2024,4/20/2024
672,Abua-Odual,,32,4/20/2024,4/20/2024
673,Ahoada East,,32,4/20/2024,4/20/2024
674,Asari-Toru,,32,4/20/2024,4/20/2024
675,Bonny,,32,4/20/2024,4/20/2024
676,Etche,,32,4/20/2024,4/20/2024
677,Gokana,,32,4/20/2024,4/20/2024
678,Ikwerre,,32,4/20/2024,4/20/2024
679,Degema,,32,4/20/2024,4/20/2024
680,Ahoada West,,32,4/20/2024,4/20/2024
681,Akuku-Toru,,32,4/20/2024,4/20/2024
682,Andoni,,32,4/20/2024,4/20/2024
683,Eleme,,32,4/20/2024,4/20/2024
684,Emohua,,32,4/20/2024,4/20/2024
685,Oyigbo,,32,4/20/2024,4/20/2024
686,Khana,,32,4/20/2024,4/20/2024
687,Omumma,,32,4/20/2024,4/20/2024
688,Opobo-Nkoro,,32,4/20/2024,4/20/2024
689,Portharcourt,,32,4/20/2024,4/20/2024
690,Tai,,32,4/20/2024,4/20/2024
691,Obio-Akpor,,32,4/20/2024,4/20/2024
692,Ogba-Egbema-Ndoni,,32,4/20/2024,4/20/2024
693,Ogu-bolo,,32,4/20/2024,4/20/2024
694,Okrika,,32,4/20/2024,4/20/2024
695,Gada,,33,4/20/2024,4/20/2024
696,Isa,,33,4/20/2024,4/20/2024
697,Kebbe,,33,4/20/2024,4/20/2024
698,Kware,,33,4/20/2024,4/20/2024
699,Rabah,,33,4/20/2024,4/20/2024
700,Goronyo,,33,4/20/2024,4/20/2024
701,Gudu,,33,4/20/2024,4/20/2024
702,Gwadabawa,,33,4/20/2024,4/20/2024
703,Illela,,33,4/20/2024,4/20/2024
704,Sabon Birni,,33,4/20/2024,4/20/2024
705,Binji,,33,4/20/2024,4/20/2024
706,Bodinga,,33,4/20/2024,4/20/2024
707,Dange Shuni,,33,4/20/2024,4/20/2024
708,Shagari,,33,4/20/2024,4/20/2024
709,Tureta,,33,4/20/2024,4/20/2024
710,Wamako,,33,4/20/2024,4/20/2024
711,Wurno,,33,4/20/2024,4/20/2024
712,Yabo,,33,4/20/2024,4/20/2024
713,Silame,,33,4/20/2024,4/20/2024
714,Sokoto North,,33,4/20/2024,4/20/2024
715,Sokoto South,,33,4/20/2024,4/20/2024
716,Tambuwal,,33,4/20/2024,4/20/2024
717,Tangaza,,33,4/20/2024,4/20/2024
718,Ardo Kola,,34,4/20/2024,4/20/2024
719,Bali,,34,4/20/2024,4/20/2024
720,Gassol,,34,4/20/2024,4/20/2024
721,Ibi,,34,4/20/2024,4/20/2024
722,Jalingo,,34,4/20/2024,4/20/2024
723,Donga,,34,4/20/2024,4/20/2024
724,Gashaka,,34,4/20/2024,4/20/2024
725,Karim Lamido,,34,4/20/2024,4/20/2024
726,Kurmi,,34,4/20/2024,4/20/2024
727,Wukari,,34,4/20/2024,4/20/2024
728,Yorro,,34,4/20/2024,4/20/2024
729,Zing,,34,4/20/2024,4/20/2024
730,Lau,,34,4/20/2024,4/20/2024
731,Sardauna,,34,4/20/2024,4/20/2024
732,Takum,,34,4/20/2024,4/20/2024
733,Ussa,,34,4/20/2024,4/20/2024
734,Fune,,35,4/20/2024,4/20/2024
735,Jakusko,,35,4/20/2024,4/20/2024
736,Karasuwa,,35,4/20/2024,4/20/2024
737,Machina,,35,4/20/2024,4/20/2024
738,Bade,,35,4/20/2024,4/20/2024
739,Bursari,,35,4/20/2024,4/20/2024
740,Damaturu,,35,4/20/2024,4/20/2024
741,Geidam,,35,4/20/2024,4/20/2024
742,Gujba,,35,4/20/2024,4/20/2024
743,Potiskum,,35,4/20/2024,4/20/2024
744,Tarmuwa,,35,4/20/2024,4/20/2024
745,Gulani,,35,4/20/2024,4/20/2024
746,Fika,,35,4/20/2024,4/20/2024
747,Nangere,,35,4/20/2024,4/20/2024
748,Nguru,,35,4/20/2024,4/20/2024
749,Yunusari,,35,4/20/2024,4/20/2024
750,Yusufari,,35,4/20/2024,4/20/2024
751,Anka,,36,4/20/2024,4/20/2024
752,Bakura,,36,4/20/2024,4/20/2024
753,Birnin Magaji,,36,4/20/2024,4/20/2024
754,Bukkuyum,,36,4/20/2024,4/20/2024
755,Bungudu,,36,4/20/2024,4/20/2024
756,Gummi,,36,4/20/2024,4/20/2024
757,Gusau,,36,4/20/2024,4/20/2024
758,Kaura,,36,4/20/2024,4/20/2024
759,Namoda,,36,4/20/2024,4/20/2024
760,Maradun,,36,4/20/2024,4/20/2024
761,Maru,,36,4/20/2024,4/20/2024
762,Shinkafi,,36,4/20/2024,4/20/2024
763,Talata Mafara,,36,4/20/2024,4/20/2024
764,Tsafe,,36,4/20/2024,4/20/2024
765,Zurmi,,36,4/20/2024,4/20/2024
766,Gwagwalada,,37,4/20/2024,4/20/2024
767,Kuje,,37,4/20/2024,4/20/2024
768,Bwari,,37,4/20/2024,4/20/2024
769,Abaji,,37,4/20/2024,4/20/2024
770,Abuja Municipa,,37,4/20/2024,4/20/2024
771,Kwali,,37,4/20/2024,4/20/2024
